FD Model,ML Model,Accuracy,Precision (0),Precision (1),Recall (0),Recall (1),F1 (0),F1 (1)
Model 1 - Altman,XGBoost,0.9464450600184672,0.9463452566096423,0.946590909090909,0.9628164556962026,0.9235033259423503,0.9545098039215686,0.9349046015712682
Model 1 - Altman,ANN,0.9067405355493998,0.9261637239165329,0.8804347826086957,0.9129746835443038,0.8980044345898004,0.9195219123505977,0.889132821075741
Model 1 - Altman,CNN,0.8822714681440443,0.914543960558751,0.8408851422550052,0.8805379746835443,0.88470066518847,0.8972188633615478,0.8622366288492707
Model 2 - Zmijewski,XGBoost,0.9958448753462604,0.9955898566703418,0.9971590909090909,0.9994465965688988,0.9777158774373259,0.9975144987572494,0.9873417721518988
Model 2 - Zmijewski,ANN,0.9939981532779316,0.9972283813747228,0.9779005524861878,0.9955727725511898,0.9860724233983287,0.9963998892273609,0.9819694868238558
Model 2 - Zmijewski,CNN,0.9926131117266851,0.997223764575236,0.9698630136986301,0.993912562257886,0.9860724233983287,0.9955654101995566,0.9779005524861878
