FD Model,ML Model,Accuracy,Precision (0),Precision (1),Recall (0),Recall (1),F1 (0),F1 (1)
Model 1 - Altman,Random Forest,0.9367497691597415,0.9324635456638527,0.9432213209733488,0.9612341772151899,0.9024390243902439,0.94663030775224,0.9223796033994335
Model 1 - Altman,Decision Tree,0.9159741458910434,0.9161538461538462,0.9157043879907621,0.942246835443038,0.8791574279379157,0.9290171606864275,0.8970588235294118
Model 1 - Altman,SVM,0.5844875346260388,0.5841035120147874,1.0,1.0,0.0022172949002217295,0.7374562427071178,0.004424778761061947
Model 2 - Zmijewski,Random Forest,0.9953831948291783,0.9966832504145937,0.988795518207283,0.9977863862755949,0.9832869080779945,0.9972345132743363,0.9860335195530726
Model 2 - Zmijewski,Decision Tree,0.9963065558633426,0.9966869133075649,0.9943661971830986,0.9988931931377975,0.9832869080779945,0.9977888336097291,0.988795518207283
Model 2 - Zmijewski,SVM,0.9205909510618652,0.9139240506329114,0.9895287958115183,0.9988931931377975,0.5264623955431755,0.9545214172395557,0.6872727272727273
