Label,Model 1 - Altman,Model 2 - Zmijewski
Normal,58.442638093478664,83.64123406613709
Financial distress,41.557361906521336,16.358765933862923
